,survived,pclass,age,sibsp,parch,fare
count,784.0,784.0,784.0,784.0,784.0,784.0
mean,0.4119897959183674,2.243622448979592,29.650408163265304,0.5229591836734694,0.41581632653061223,34.71173966836735
std,0.49250745813617275,0.8550564142658288,13.734925365696805,0.9862313518148393,0.8369224453336277,52.16015119818791
min,0.0,1.0,0.42,0.0,0.0,0.0
25%,0.0,1.0,22.0,0.0,0.0,8.05
50%,0.0,3.0,28.25,0.0,0.0,15.9
75%,1.0,3.0,36.0,1.0,1.0,34.10935
max,1.0,3.0,80.0,8.0,6.0,512.3292
